{
  "basic": {
    "war_ratio": 0.3542909060722626,
    "anna_ratio": 0.3492005930963623,
    "ncd": 0.9993332592510279,
    "war_bytes": 3276604,
    "anna_bytes": 2018559
  },
  "war_seg_ratios": [
    0.3619256274329532,
    0.38248883863295186,
    0.38270554567251913,
    0.3823953823953824,
    0.38580477633080223,
    0.38037312123515993,
    0.3792051880874718,
    0.38460336374113646,
    0.37905382978307983,
    0.3748428908091123,
    0.377888660600724,
    0.371093902011908,
    0.38571847794189573,
    0.38167116958377384,
    0.3701863597981266,
    0.3927888927888928,
    0.3834022952611445,
    0.3791652119942589,
    0.3828446956316967,
    0.3854749700504723,
    0.38749513807856867,
    0.3842869175170901,
    0.38627423850091913,
    0.38499579741589945,
    0.37695289557147893,
    0.39566018503998746,
    0.3838771219436225,
    0.37893054174708074,
    0.3893593664235866,
    0.3752421959095802,
    0.3701672343783076,
    0.38544331195151704,
    0.3790011797090051,
    0.3853124074622446,
    0.3881274036091115,
    0.3831295027580927,
    0.3826935512315561,
    0.3789403348793334,
    0.3727908331714896,
    0.37878225538647864,
    0.3863725413368858,
    0.3661322724228936,
    0.38260320217953525,
    0.3775336500395883,
    0.3806669530243274,
    0.3842497506014905,
    0.38151524061550524,
    0.38526022341323596,
    0.3775423978619294,
    0.3827885597548519,
    0.3787386535924548,
    0.3705859143815348,
    0.3895788496850751,
    0.38346605692659463,
    0.3785112359550562,
    0.3796437659033079,
    0.378862622834366,
    0.3875240375181508,
    0.37313520498061786,
    0.38633533005159837,
    0.38479520675768586,
    0.3839902876500421,
    0.3308460681311684,
    0.32019586766989133,
    0.38455765081152077
  ],
  "anna_seg_ratios": [
    0.3766536203522505,
    0.37632069608452456,
    0.3695805015233185,
    0.3722100827220228,
    0.3793521871024562,
    0.37833509121450054,
    0.37439181036160524,
    0.3827686653242361,
    0.37781845087425525,
    0.37229862475442044,
    0.3676361216581203,
    0.3723859963394213,
    0.3784404570261887,
    0.37749065078454264,
    0.3765033102205508,
    0.3782223705652524,
    0.3792833058888105,
    0.3766411111761378,
    0.3694332181417052,
    0.3712090103830586,
    0.36475121264277893,
    0.37411617641314115,
    0.37725223007699427,
    0.37223788216278014,
    0.3717880455146029,
    0.3680486131529942,
    0.37360178970917224,
    0.3735841699970757,
    0.38270569651110636,
    0.3843779908979042,
    0.37833512247487067,
    0.37200902934537244,
    0.37528900035267837,
    0.3740390993873649,
    0.36848914939914923,
    0.3713924788650277,
    0.3769367887014946,
    0.3812336859458717,
    0.37572039048104444,
    0.35784625158831
  ],
  "segment_size_chars": 50000
}